IlmnID,CHR,MAPINFO,UCSC_RefGene_Name,UCSC_RefGene_Accession,UCSC_RefGene_Group,Relation_to_UCSC_CpG_Island,Regulatory_Feature_Group,coef,pval,r2,pcc,fdr_bh,bonferroni
cg17944885,19,12225735,,,,N_Shelf,,-5.156138890210883,1.405021362643695e-20,0.4745572811547587,-0.2738169466810795,6.11055030784644e-15,6.11055030784644e-15
cg25364972,2,217075573,,,,,,-6.302875579848578,4.364629702245665e-11,0.45612507732085883,-0.32365518645478536,9.491061872721288e-06,1.8982123745442576e-05
cg06449934,7,1130697,GPER;C7orf50;GPER;C7orf50;C7orf50;GPER,NM_001039966;NM_001134395;NM_001098201;NM_032350;NM_001134396;NM_001505,5'UTR;Body;5'UTR;Body;Body;5'UTR,N_Shore,,3.6794953624961915,9.695277042429174e-11,0.45544457799841376,0.19570796484533717,1.4055178493229291e-05,4.2165535479687874e-05
cg02304370,11,587926,PHRF1,NM_020901,Body,N_Shore,Promoter_Associated_Cell_type_specific,3.6621057211590395,1.3734118858838138e-10,0.4551475513953275,0.19476712091925444,1.4932695411648942e-05,5.973078164659577e-05
cg21919729,8,11719367,CTSB;CTSB;CTSB;CTSB;CTSB,NM_147780;NM_147782;NM_147781;NM_001908;NM_147783,5'UTR;5'UTR;5'UTR;5'UTR;5'UTR,,,3.3679648612756594,4.2817332741499454e-10,0.4541773577870971,0.17949497191680502,3.724320109588009e-05,0.00018621600547940044
cg04610187,17,76360794,,,,S_Shelf,,3.7664293025086937,5.828325175877964e-10,0.45391415522028666,0.19987926167021863,4.224642075984556e-05,0.00025347852455907333
cg04983687,16,88558223,ZFPM1,NM_153813,Body,Island,,3.3716447138460586,1.2908200107649625e-09,0.4532353538177637,0.17953490031165495,8.019827846310976e-05,0.0005613879492417683
cg27254661,2,73118624,SPR,NM_003124,Body,S_Shelf,Unclassified_Cell_type_specific,3.696777262547007,2.4739283185926514e-09,0.4526798820030825,0.19611371306990186,0.00011985763334522831,0.0010759312171824927
cg18593194,19,36205201,ZBTB32,NM_014383,5'UTR,N_Shore,,3.697297369465933,2.7547444427089825e-09,0.4525880676192786,0.196124426591146,0.00011985763334522831,0.0011980603960896781
cg12065228,1,19652788,PQLC2;PQLC2;PQLC2,NM_001040125;NM_017765;NM_001040126,Body;Body;Body,,,3.721378342804699,2.755930756510074e-09,0.4525876999466544,0.19735214984852104,0.00011985763334522831,0.0011985763334522832
cg08940169,16,88540241,ZFPM1,NM_153813,Body,Island,,3.2599898853304863,4.160248076532443e-09,0.4522360114186146,0.1736181587278168,0.00015080228243152008,0.0018093251704685716
cg19434937,12,7104184,LPCAT3,NM_005768,Body,,,3.206398345174714,4.160942979154766e-09,0.45223586878143673,0.17084798319950392,0.00015080228243152008,0.001809627389178241
cg11699125,1,6341327,ACOT7;ACOT7;ACOT7;ACOT7,NM_181864;NM_181865;NM_007274;NM_181866,Body;Body;Body;Body,Island,Unclassified_Cell_type_specific,3.14418734944846,6.548522618525427e-09,0.45184856713190646,0.1675696377565229,0.00020572916415933823,0.002848004874977656
cg17988187,2,74612222,LOC100189589,NR_024463,TSS1500,,,3.131449026779147,6.841121044915022e-09,0.451811234864111,0.16690417348481543,0.00020572916415933823,0.0029752582714019024
cg09823543,6,43146056,SRF,NM_003131,Body,N_Shelf,,3.5573935729078103,7.095609789633839e-09,0.45178004101244984,0.1888388719725903,0.00020572916415933823,0.0030859374623900737
cg02475695,16,616220,NHLRC4,NM_176677,TSS1500,S_Shore,Promoter_Associated,3.378416138150232,7.633383589809353e-09,0.4517176483365385,0.17964271625055847,0.00020748872439230038,0.003319819590276806
cg06972908,16,30488321,ITGAL;ITGAL,NM_002209;NM_001114380,Body;Body,S_Shelf,,4.343790882218096,8.354741600386945e-09,0.45164052902477536,0.22856354600441614,0.00020791213251446537,0.0036335439599410853
cg11544657,1,9968130,CTNNBIP1;CTNNBIP1,NM_020248;NM_001012329,5'UTR;5'UTR,N_Shore,,-4.429557751969258,8.605080580859346e-09,0.4516153143134898,-0.23282899250640562,0.00020791213251446537,0.0037424183852603765
cg23845009,11,34323678,ABTB2,NM_145804,Body,,,4.360280652339215,1.0873149204384026e-08,0.4514155140196542,0.22934106536540375,0.00024888524074632886,0.004728819574180248
cg09610644,3,197249274,BDH1;BDH1;BDH1,NM_203314;NM_203315;NM_004051,Body;Body;Body,,,-3.4686234226562673,1.2565350521662351e-08,0.45129197870422855,-0.18420946126527066,0.00027281376314025857,0.00546477146467513
cg12981272,3,37281848,,,,N_Shelf,,5.0629747623254335,1.3623531544199122e-08,0.45122292461775204,0.2638519485626452,0.00027281376314025857,0.005924982856824552
cg12077754,2,75089669,HK2,NM_000189,Body,,,3.114495676808882,1.3800396380580923e-08,0.4512119085580467,0.1659373597109239,0.00027281376314025857,0.006001902789085688
cg10142874,2,11917623,LPIN1,NM_145693,Body,,,3.073937243627139,1.8611295121328915e-08,0.4509564933305439,0.16379773048147495,0.00035192178863595287,0.008094201138626916
cg00934987,17,56605468,SEPT4;SEPT4;SEPT4,NM_080415;NM_080416;NM_004574,Body;Body;Body,N_Shelf,,3.5397412185599277,2.6832493105170946e-08,0.4506440660192217,0.18774744587044379,0.0004670763998216783,0.011669665911383686
cg22753611,6,17472892,CAP2,NM_006366,Body,,,-3.284103698330407,2.6849149694974468e-08,0.4506435360779649,-0.17461737413228723,0.0004670763998216783,0.011676909995541955
cg04816311,7,1066650,C7orf50;C7orf50;C7orf50,NM_001134395;NM_032350;NM_001134396,Body;Body;Body,N_Shore,,4.226190501266936,2.883806870493721e-08,0.450582510705247,0.22248260930928837,0.0004823810301664166,0.012541906784326831
cg04497992,16,616212,NHLRC4,NM_176677,TSS1500,S_Shore,Promoter_Associated,3.0530523039068562,3.11388374997883e-08,0.45051696277056164,0.16265105053789763,0.0004887806188876676,0.01354252953935793
cg09249800,1,6341287,ACOT7;ACOT7;ACOT7;ACOT7,NM_181864;NM_181865;NM_007274;NM_181866,Body;Body;Body;Body,Island,Unclassified_Cell_type_specific,3.041559855183083,3.1468396370852446e-08,0.4505079726607861,0.16205360923536702,0.0004887806188876676,0.013685857328854696
cg01676795,7,75586348,POR,NM_000941,Body,,,4.177778313400458,3.4268709072236535e-08,0.4504351768764264,0.22003003502488244,0.0005139219215582155,0.014903735725188248
cg25854298,10,73936754,ASCC1,NM_015947,Body,,,2.9519521025402664,3.789753890287819e-08,0.450349228874646,0.15737719116252247,0.0005493980949724316,0.01648194284917295
cg10489463,2,33546572,LTBP1;LTBP1;LTBP1;LTBP1;LTBP1,NM_000627;NM_206943;NM_001166265;NM_001166266;NM_001166264,Body;Body;Body;Body;Body,,,3.1901635627043348,4.066140460341782e-08,0.45028912159221524,0.16971538742491007,0.0005704506501052658,0.017683970153263236
cg23516680,10,103923333,NOLC1,NM_004741,3'UTR,,,3.1051142362500017,4.889729899082234e-08,0.4501316358114926,0.16529307000220303,0.0006645570784218925,0.021265826509500565
cg02170785,14,69650830,,,,,,3.0117652226776324,5.4377319210505505e-08,0.45004094040238574,0.1604408401198802,0.0007151718386475647,0.023649131143202527
cg19448292,20,35504064,C20orf118,NM_080628,TSS1500,,,3.176968599898873,5.591031324789886e-08,0.4500172037278979,0.16899292052843,0.0007151718386475647,0.024315842514017198
cg01499988,9,35755346,MSMP,NM_001044264,TSS1500,N_Shore,,2.9796044304803893,6.163775903381962e-08,0.44993393967369155,0.15875595213963087,0.0007659072715965835,0.02680675450588042
cg25087851,11,60623918,GPR44,NM_004778,TSS1500,S_Shelf,,2.9931957120444848,6.949594846005129e-08,0.4498314976323706,0.15944726529466346,0.0008395651098017775,0.030224343952863986
cg22406869,11,66276941,DPP3;BBS1;DPP3,NM_130443;NM_024649;NM_005700,3'UTR;TSS1500;3'UTR,,,4.238945589552477,7.629186529414436e-08,0.44975185022001996,0.22296060697723616,0.0008967552040904253,0.03317994255134574
cg18650626,7,1914073,MAD1L1;MAD1L1;MAD1L1,NM_003550;NM_001013837;NM_001013836,Body;Body;Body,Island,Unclassified_Cell_type_specific,2.885979183551637,8.893937949205721e-08,0.4496209111603099,0.15384478677420826,0.0010179065172666215,0.03868044765613162
cg00506299,3,16469127,RFTN1,NM_015150,Body,,,3.3728497424488824,9.143507528167913e-08,0.44959728834736357,0.17902154525433286,0.0010196370697590899,0.03976584572060451
cg16809457,6,90399677,MDN1,NM_014611,Body,,,3.693555544817162,1.1412406801963322e-07,0.44940809263869064,0.1953885940315666,0.001207925664193269,0.04963347017428264
cg00944309,5,60142446,,,,S_Shelf,,3.136387336078624,1.1627671776104969e-07,0.4493921436135284,0.16680265977262357,0.001207925664193269,0.0505696747680226
cg07573872,19,1126342,SBNO2;SBNO2,NM_001100122;NM_014963,Body;Body,S_Shelf,,2.880355012981414,1.1665197673098058e-07,0.4493893935803931,0.15352052645241182,0.001207925664193269,0.0507328778961173
cg10065736,12,117440120,FBXW8;FBXW8,NM_153348;NM_012174,Body;Body,,,3.07454643245549,1.5288241257322784e-07,0.4491585643583321,0.1635689000329756,0.0015462740531952878,0.06648978428739738
cg17374802,17,56270828,EPX,NM_000502,Body,N_Shelf,,2.8745415694421954,1.6775130938615508e-07,0.4490793638746755,0.15317585008314386,0.0016547302677048811,0.07295638646251393
cg02941852,7,105030168,SRPK2,NM_182692,TSS1500,S_Shore,,2.8544675844823444,1.7121520424255166e-07,0.44906192358351427,0.15212865599110398,0.0016547302677048811,0.07446286204671966
cg10704177,1,62209607,INADL,NM_176877,5'UTR,S_Shore,,2.950994972645778,1.8468402308938714e-07,0.44899730957286954,0.15713907378915246,0.0017460991111686779,0.08032055911375918
cg00741986,4,2748332,TNIP2;TNIP2,NM_024309;NM_001161527,Body;Body,,Unclassified,4.303729330938615,2.006940593418868e-07,0.44892637654815337,0.22603419984957848,0.0018570947225587512,0.08728345196026131
cg21220721,1,6341230,ACOT7;ACOT7;ACOT7;ACOT7,NM_181864;NM_181865;NM_007274;NM_181866,Body;Body;Body;Body,Island,Unclassified_Cell_type_specific,2.894269484921547,2.190000253500708e-07,0.4488519029504736,0.15417111225148777,0.0019842679796864293,0.0952448630249486
cg02970679,17,56269818,EPX,NM_000502,TSS1500,,,2.9211097608585024,2.2358352811544597e-07,0.4488342316886954,0.1555639534429864,0.001984454388686375,0.09723826504563238
cg27469152,17,56282313,EPX,NM_000502,3'UTR,,,2.9263484355439977,2.313045335305915e-07,0.4488052681235083,0.15583217530456994,0.00201192384137445,0.10059619206872249
cg01998785,16,55542709,LPCAT2,NM_017839,TSS1500,N_Shore,,2.844671146691848,2.4514399968049387e-07,0.44875569441137864,0.1515774260098307,0.0020904918943734163,0.10661508661304422
cg08773180,11,57157607,PRG2,NM_002728,5'UTR,,,2.8012228938310244,2.5782501957723174e-07,0.44871267021400163,0.14930860896647186,0.002120846174031245,0.1121301636142947
cg21745599,19,15755338,CYP4F3,NM_000896,Body,,,-3.3451544745751374,2.584566097281632e-07,0.44871058309259915,-0.1774597255541186,0.002120846174031245,0.112404847223656
cg03329755,6,167189272,RPS6KA2,NM_001006932,Body,,Unclassified,2.759178446154439,2.793698293378901e-07,0.4486442114208563,0.1471075169004772,0.002250003217364502,0.1215001737376831
cg14123882,2,365531,,,,,,-3.2475057029961434,2.9206257235792187e-07,0.448606312608011,-0.17241993386879698,0.002267272515935661,0.1270203492190391
cg12054453,17,57915717,TMEM49,NM_030938,Body,,,2.8710136849801406,2.929583278963878e-07,0.44860370060582244,0.15292780253330093,0.002267272515935661,0.1274099204687622
cg06558622,7,149543177,ZNF862,NM_001099220,Body,,,2.7709092341275134,2.971537277040953e-07,0.44859157235538993,0.1477124354777807,0.002267272515935661,0.12923453340833269
cg02930951,20,48806066,CEBPB,NM_005194,TSS1500,N_Shore,,3.0162464071377157,3.064694311018596e-07,0.44856524373746187,0.16046381026606932,0.002298034609338751,0.13328600734164756
cg26829395,15,40217855,,,,,,3.3527005225694206,3.285303456774392e-07,0.4485059580088774,0.17781543999854482,0.0023997747900040846,0.14288047557788372
cg09786420,1,154583389,ADAR,NM_001025107,5'UTR,S_Shelf,,-3.3700896514519068,3.31073439440629e-07,0.4484993815452877,-0.17870728644565942,0.0023997747900040846,0.14398648740024508
cg06391412,3,71295684,FOXP1;FOXP1,NM_032682;NM_001012505,5'UTR;5'UTR,,,2.9847897706839945,3.683999045788906e-07,0.44840827540053996,0.15881072636675322,0.0026265584541081337,0.16022006570059616
cg06070625,3,69812798,MITF;MITF,NM_198159;NM_006722,Body;TSS200,,Unclassified_Cell_type_specific,2.95191395725311,3.8126916734743345e-07,0.44837899422090155,0.15710085532809873,0.0026744679198828646,0.16581701103273758
cg01885635,3,40566085,ZNF621;ZNF621,NM_198484;NM_001098414,TSS1500;TSS1500,N_Shore,Promoter_Associated,2.9382653161115666,3.89664935985351e-07,0.448360419979302,0.15638971257020529,0.002689974571103445,0.16946839797951704
cg27366532,16,3843012,CREBBP;CREBBP,NM_001079846;NM_004380,Body;Body,,,3.1469547284688284,4.072787060573031e-07,0.4483227207104401,0.16719120955290198,0.0027676369920932747,0.17712876749396958
cg26608667,7,1196370,ZFAND2A,NM_182491,Body,N_Shelf,,3.446360025560758,4.1388718092285383e-07,0.44830899594312457,0.18258781266772453,0.0027692745550891773,0.1800028460807965
cg04321303,7,44107504,,,,S_Shelf,,2.707855014521138,4.2108053766596404e-07,0.4482943035981757,0.1443839285031247,0.0027747165829580165,0.18313129447522908
cg22065514,3,48602040,COL7A1;UCN2,NM_000094;NM_033199,Body;TSS1500,,Unclassified_Cell_type_specific,2.877619083489699,4.292499845406651e-07,0.4482779192486046,0.15322719444726812,0.002786332123531516,0.1866842522766116
cg16936953,17,57915665,TMEM49,NM_030938,Body,,,3.1394484983059123,4.4742352478700795e-07,0.4482425633216005,0.1667917479837704,0.0028615892693833536,0.19458807031806805
cg13835688,9,130859454,SLC25A25;SLC25A25;SLC25A25;SLC25A25,NM_001006642;NM_001006643;NM_052901;NM_001006641,Body;TSS1500;TSS1500;Body,,,2.752095147275549,4.567713777167866e-07,0.44822493339088343,0.14668344613015907,0.0028790366136239452,0.19865352634005223
cg25939647,15,40173065,GPR176,NM_007223,Body,,,3.397509100905297,4.804003426535756e-07,0.44818193147870333,0.1800641501418026,0.0029758683191356203,0.20892995222278124
cg07214715,2,86114883,ST3GAL5,NM_003896,Body,N_Shore,Unclassified,-2.904483059230059,4.873637091151154e-07,0.44816966235555133,-0.15460879446196804,0.0029758683191356203,0.21195837600383663
cg09650731,16,46823623,,,,N_Shore,Promoter_Associated,2.9241367630748165,4.97473577016922e-07,0.4481521580478094,0.15562731781796696,0.0029758683191356203,0.2163552384332755
cg07908654,13,41631052,,,,N_Shelf,,2.814763804417898,4.995042337618538e-07,0.44814868512647354,0.14993920025228638,0.0029758683191356203,0.21723838729690031
cg15467116,1,153332972,S100A9,NM_002965,Body,,,-2.8740539296718213,5.12201363988223e-07,0.4481272852559798,-0.15302140776351922,0.0030102766325593253,0.22276047080939007
cg18307978,7,30953124,AQP1,NM_198098,Body,,,3.738883092858493,5.566600148818554e-07,0.4480563277439862,0.19746046503396472,0.00322794525002984,0.24209589375223797
cg18771737,3,43448041,ANO10,NM_018075,Body,,,4.878671153431515,5.992466481030989e-07,0.44799348945456763,0.2541837541400052,0.003429173174121349,0.26061716123322254
cg21045547,20,35422703,C20orf117;C20orf117,NM_080627;NM_199181,Body;Body,Island,Unclassified_Cell_type_specific,2.747114976226454,6.287488845438841e-07,0.4479525265629263,0.146388348490808,0.003551271686743007,0.2734479198792115
cg14613878,20,35504198,C20orf118,NM_080628,TSS1500,,,2.789407265618992,6.831444889657541e-07,0.4478818082302598,0.14858332329111534,0.0037975311583854114,0.2971050034071182
cg17030628,1,207039008,IL20,NM_018724,TSS200,,Unclassified,2.96888615768057,6.898124695624074e-07,0.4478735300273331,0.15791110737982778,0.0037975311583854114,0.3000049615124475
cg14446138,9,135267742,TTF1,NM_007344,Body,,,3.588509499632165,7.775338144999899e-07,0.4477715173806065,0.1897635330955209,0.00422694595245702,0.3381556761965616
cg22850451,19,17829496,MAP1S,NM_018174,TSS1500,N_Shore,Unclassified_Cell_type_specific,3.9770919260348756,7.892805083987105e-07,0.4477587401866312,0.20945060365115048,0.004237832189465017,0.3432644073466664
cg06528816,2,47242277,TTC7A,NM_020458,Body,,Gene_Associated_Cell_type_specific,2.7234595333607468,8.954235630412701e-07,0.44765123331937373,0.14511570835586843,0.004749108182379911,0.38942687095515266
cg15232319,19,4376459,SH3GL1,NM_003025,Body,,,3.8577451389584656,9.530247377945016e-07,0.4475981195321045,0.20340089958102336,0.004976452616930877,0.41447808266473113
cg01649647,20,35177530,MYL9;MYL9,NM_006097;NM_181526,Body;Body,,,3.215113926772496,9.611734431700352e-07,0.4475908663641539,0.17059810412174897,0.004976452616930877,0.41802201982219367
cg23597162,7,28102341,JAZF1,NM_175061,Body,,Unclassified,-4.859070586323146,1.0330563556827747e-06,0.4475294279707125,-0.25312859490015055,0.005271432315817918,0.4492844735372842
cg02427831,19,51961937,SIGLEC8,NM_014442,TSS1500,,,3.207619733130835,1.042388687171404e-06,0.447521767411309,0.17020165014286215,0.005271432315817918,0.45334317916034095
cg20062057,2,50201479,NRXN1;NRXN1;NRXN1,NM_004801;NM_001135659;NM_138735,Body;Body;Body,,Unclassified_Cell_type_specific,2.6148589627595347,1.0722520585134102e-06,0.44749770720902704,0.13942488911784637,0.005360126416827014,0.4663309982639502
cg02445229,19,4634006,,,,N_Shelf,,2.8585972510889146,1.1113461284686344e-06,0.4474672047700502,0.15212873135087276,0.005492424114091328,0.4833333220400369
cg07397612,22,47423986,TBC1D22A,NM_014346,Body,N_Shore,,2.6246673320102145,1.141890003802012e-06,0.44744411200093404,0.13993099714151352,0.00556772448002765,0.4966170977735254
cg20315954,17,15137304,PMP22;PMP22;PMP22,NM_153322;NM_000304;NM_153321,Body;Body;Body,,,2.616358003524021,1.1521866767281552e-06,0.4474364663675753,0.1394956828650115,0.00556772448002765,0.5010952032024885
cg18927901,6,36238043,PNPLA1;PNPLA1;PNPLA1,NM_173676;NM_001145716;NM_001145717,5'UTR;5'UTR;TSS200,,,3.21934910347452,1.2671094294919213e-06,0.4473554943263768,0.1707809570623837,0.006055780524851346,0.5510760277614725
cg08799394,10,97049193,PDLIM1,NM_020992,Body,N_Shore,Unclassified_Cell_type_specific,2.846053215744012,1.2949551608092642e-06,0.44733698280464673,0.15145907617155446,0.006121590859535168,0.5631863590772355
cg09173378,1,196370245,KCNT2,NM_198503,Body,,,-2.8862002168685708,1.3232340145307515e-06,0.4473185869025592,-0.1535430645842204,0.00618801138485527,0.5754850587915401
cg05125838,3,48601585,UCN2;COL7A1,NM_033199;NM_000094,TSS1500;3'UTR,,,3.164645322918237,1.3919034819663363e-06,0.4472755058849721,0.16794975837345189,0.006369634250108869,0.6053499595350154
cg13017318,14,21508970,RNASE7,NM_032572,TSS1500,,Unclassified,2.8875867607137806,1.4019454414145338e-06,0.4472693849018735,0.15360841122322522,0.006369634250108869,0.609717288034712
cg13054523,17,81055722,,,,N_Shore,,2.648713464104455,1.4060097492123654e-06,0.447266920012826,0.1411653651804616,0.006369634250108869,0.6114848880104514
cg11456013,6,111192760,,,,N_Shelf,,2.8736694747014164,1.4483921834846884e-06,0.44724163324929833,0.15288166312153023,0.0064549377840093305,0.6299173477349589
cg23387863,15,77472416,SGK269,NM_024776,Body,,,2.908402298597129,1.473495878771687e-06,0.4472270026968119,0.15468352476717692,0.0064549377840093305,0.6408351456448369
cg21554670,17,9967417,GAS7,NM_201433,Body,,,2.8397499905501107,1.4944597760185003e-06,0.4472149748473242,0.15111500746982404,0.0064549377840093305,0.6499525122686539
cg25217710,1,156609523,,,,N_Shelf,,3.248650625338259,1.5040046653498252e-06,0.44720955442455124,0.17226734525369064,0.0064549377840093305,0.6541036609979618
cg09076584,17,26941253,FLJ25006,NM_144610,TSS200,,Gene_Associated,3.2764553906226177,1.5071510378913341e-06,0.4472077751862391,0.17369718614219223,0.0064549377840093305,0.6554720435872443
cg20970369,1,111744108,DENND2D,NM_024901,TSS1500,N_Shelf,,-2.9689978998347346,1.5138917977341224e-06,0.4472039758506471,-0.15782362158593877,0.0064549377840093305,0.6584036539689517
cg06759255,17,7759060,TMEM88,NM_203411,3'UTR,N_Shore,,2.9669822642930006,1.632170137911023e-06,0.44713993276049857,0.15771023410241786,0.006832245970374598,0.7098438503386072
cg01059398,3,172235808,TNFSF10,NM_003810,Body,,,3.0591797417808437,1.6338020476030752e-06,0.44713908203631303,0.16248339349997573,0.006832245970374598,0.7105535809189583
cg14612966,9,130859606,SLC25A25;SLC25A25;SLC25A25;SLC25A25,NM_001006642;NM_001006643;NM_052901;NM_001006641,Body;TSS1500;TSS1500;Body,,,2.5806062851671623,1.6616713941648173e-06,0.4471246834909647,0.13758779115763575,0.006882611263746975,0.7226741826934323
cg03723356,17,46047760,CDK5RAP3,NM_176096,TSS1500,N_Shore,Promoter_Associated,2.6885629526465955,1.689137194914769e-06,0.4471107281379366,0.14322609372687328,0.0069303705581697395,0.7346192791659923
cg13458609,9,130608923,ENG;ENG,NM_001114753;NM_000118,Body;Body,,,2.6485710799328923,1.7682896901379179e-06,0.44707174690713847,0.14113350900431906,0.007187320865032725,0.7690433325585015
cg01942646,1,27240694,NR0B2,NM_021969,TSS200,,,2.6107645080991873,1.7869142834036413e-06,0.4470628287381365,0.13915711193262278,0.007195771455245471,0.7771433171665109
cg25897519,8,41427415,,,,S_Shelf,,3.613216678422811,1.8407582105993227e-06,0.4470375604042177,0.19090035954927675,0.007344591484911287,0.8005604718553302
cg10180440,10,102325486,,,,S_Shelf,,3.273120297320057,1.9053009572408167e-06,0.44700822917331096,0.173495338332086,0.007528642267189046,0.8286306287116891
cg10866623,17,46895019,TTLL6,NM_001130918,TSS1500,S_Shore,Unclassified_Cell_type_specific,2.7055587505436884,1.9215082078462206e-06,0.44700102017204,0.14409875499779148,0.007528642267189046,0.8356792916579842
cg04592208,12,129331383,,,,Island,,-2.6351924817135193,1.948023625275465e-06,0.44698935639378357,-0.14042444747622612,0.007533904274043337,0.847211058821302
cg13091627,1,153518476,S100A4;S100A4,NM_019554;NM_002961,TSS200;TSS200,,Promoter_Associated,-2.985663178649906,1.9574971786375444e-06,0.44698522762200077,-0.15865665620672775,0.007533904274043337,0.8513311829668971
cg25727520,2,37576821,QPCT,NM_012413,Body,,Unclassified_Cell_type_specific,-2.761046631167133,2.0254074277526126e-06,0.44695620409335546,-0.14698500156675534,0.007712376938045116,0.8808658935890332
cg23511909,3,128340787,RPN1,NM_002950,Body,S_Shelf,,2.7338594437219204,2.0401172747593036e-06,0.4469500459202854,0.14556770977607666,0.007712376938045116,0.8872633237310192
cg02835823,16,85979060,,,,N_Shelf,,-3.6065783304734778,2.074761794523317e-06,0.44693571619642747,-0.19054546808829584,0.007712376938045116,0.9023305025325468
cg12126038,14,34966313,,,,,,2.911749500550911,2.1076053293395015e-06,0.44692235099771216,0.15481564580962948,0.007712376938045116,0.9166144185723839
cg01970336,1,51986254,EPS15,NM_001981,TSS1500,S_Shore,,3.2846075085398825,2.108486059110884e-06,0.4469219954762822,0.17407264822428564,0.007712376938045116,0.9169974549957963
cg09377531,8,141046469,TRAPPC9;TRAPPC9,NM_001160372;NM_031466,Body;Body,,,2.5385200205249707,2.1102689663730467e-06,0.44692127623079314,0.13536093825901713,0.007712376938045116,0.917772855627369
cg16292343,8,144545981,ZC3H3,NM_015117,Body,,,2.9885751340898667,2.157343875363377e-06,0.44690250266685905,0.15879591830618311,0.007818717584554461,0.9382461101465355
cg07177867,15,52030746,LYSMD2;LYSMD2,NM_001143917;NM_153374,5'UTR;TSS1500,S_Shore,,2.8187721912650425,2.2771247916564764e-06,0.44685652473692994,0.14997638360575302,0.008184626354460618,0.9903397888897348
cg24496349,11,67810905,TCIRG1;TCIRG1;TCIRG1,NM_006019;NM_006053;NM_006053,Body;1stExon;5'UTR,,Unclassified_Cell_type_specific,2.606976358089555,2.3409033467066385e-06,0.44683302222696786,0.1389307901198063,0.008280827940560368,1.0
cg18346531,17,9967431,GAS7,NM_201433,Body,,,2.6833070387907347,2.3419708000058066e-06,0.44683263434926446,0.1429166225636324,0.008280827940560368,1.0
cg21640749,17,72709731,RAB37;CD300LF,NM_175738;NM_139018,Body;TSS1500,,,2.6486889137871223,2.387550276334817e-06,0.4468162353677221,0.14110771261945582,0.0083739089966147,1.0
cg07596065,22,50984393,,,,N_Shore,,3.0670487979409344,2.5043457287616573e-06,0.4467756043141964,0.16283816969133177,0.0087132799376342,1.0
cg16572910,1,43880657,,,,,Gene_Associated,2.882167930528256,2.600095856596571e-06,0.44674368618151017,0.15325578301831988,0.008974622926989693,1.0
cg20774552,11,46415316,,,,S_Shore,,2.647777984890601,2.695553133042045e-06,0.44671301681124276,0.1410472525130434,0.009230847417205115,1.0
cg20133890,6,31680144,LY6G6E;LY6G6E,NR_024541;NR_003673,Body;Body,,Unclassified_Cell_type_specific,3.2035174806759494,2.7481054999905395e-06,0.44669659345102364,0.16986712644301755,0.00933728958429598,1.0
cg22080436,11,4212471,,,,S_Shelf,,2.8188665956392263,2.785387290915968e-06,0.44668513202400617,0.14995858534872358,0.009390598573005286,1.0
cg08698681,3,171091657,TNIK;TNIK;TNIK;TNIK;TNIK;TNIK;TNIK;TNIK;TNIK,NM_001161563;NM_001161566;NM_001161560;NR_027767;NM_001161565;NM_001161561;NM_015028;NM_001161562;NM_001161564,Body;Body;Body;Body;Body;Body;Body;Body;Body,,,2.5705884685646563,2.910198718552406e-06,0.4466478501026123,0.13700577487520488,0.009735913109909152,1.0
cg08465183,14,21559798,ZNF219;ZNF219;ZNF219,NM_001101672;NM_016423;NM_001102454,Body;Body;Body,Island,,2.9499419098848114,3.0046316238760405e-06,0.4466206918646599,0.15675500799613484,0.00997510175783726,1.0
cg18363008,17,4675114,TM4SF5,NM_003963,TSS200,,,3.0524933163566095,3.0712309135303025e-06,0.4466020477516932,0.16206097732930969,0.010118961319254825,1.0
cg01330991,17,7648108,DNAH2,NM_020877,Body,S_Shelf,,2.6851759847632772,3.126527701226048e-06,0.44658687292071486,0.14298302068184007,0.01015486176513429,1.0
cg20060759,1,6694392,THAP3;DNAJC11,NM_138350;NM_018198,3'UTR;3'UTR,,,2.621934621784244,3.159126073004877e-06,0.4465780525806504,0.13968086878718278,0.01015486176513429,1.0
cg12465678,1,27953336,FGR;FGR;FGR,NM_001042747;NM_005248;NM_001042729,TSS1500;5'UTR;TSS1500,,,5.513468109397506,3.1644682247967597e-06,0.446576615822903,0.2843841559348119,0.01015486176513429,1.0
cg13233042,11,63432489,ATL3,NM_015459,Body,,,2.5161972155576846,3.175524938741673e-06,0.44657364985193027,0.13415075896647288,0.01015486176513429,1.0
cg07094298,4,2748026,TNIP2;TNIP2,NM_024309;NM_001161527,Body;Body,,Unclassified,2.714333124875561,3.4250730930646237e-06,0.44650932545131305,0.14449344882131293,0.010819875737468008,1.0
cg14084609,14,100610407,EVL,NM_016337,3'UTR,Island,,2.531487185676925,3.4332384131140033e-06,0.446507300929444,0.1349431985375642,0.010819875737468008,1.0
cg19805160,1,159870731,CCDC19,NM_012337,TSS1500,S_Shore,,2.5081328138305103,3.55488848615042e-06,0.4464776971873472,0.1337171233493424,0.011122657854206524,1.0
cg01801191,16,83992318,OSGIN1;OSGIN1;OSGIN1,NM_182981;NM_182980;NM_013370,Body;Body;Body,,,3.0754401485166145,3.6145695209282868e-06,0.44646354282951783,0.1632270261335805,0.01122860858005628,1.0
cg20299697,3,138069423,MRAS;MRAS,NM_012219;NM_001085049,5'UTR;5'UTR,S_Shore,,2.8830169684141778,3.817709746023316e-06,0.44641706104765866,0.15325569958663793,0.01177554971789722,1.0
cg04184810,14,101037198,BEGAIN,NM_020836,TSS1500,S_Shore,,2.9682068892727775,3.914723241640196e-06,0.4463957302932696,0.1576702650092037,0.011989749687149678,1.0
cg20317437,1,24172120,FUCA1,NM_000147,3'UTR,,,2.6031797162269865,3.988457686429066e-06,0.4463798693094715,0.13867665938859786,0.01206155461168175,1.0
cg23196129,2,120937418,,,,,,2.5738416756560696,4.009671242139806e-06,0.44637536046778703,0.13714277431249008,0.01206155461168175,1.0
cg04943713,10,35456472,CREM;CREM;CREM;CREM;CREM;CREM;CREM;CREM;CREM;CREM;CREM;CREM,NM_182771;NM_182853;NM_182772;NM_182772;NM_183011;NM_183013;NM_183060;NM_181571;NM_182771;NM_182850;NM_001881;NM_183012,1stExon;5'UTR;1stExon;5'UTR;Body;Body;Body;Body;5'UTR;5'UTR;Body;Body,,,-2.915981968375494,4.021368700262708e-06,0.44637288444043843,-0.1549601720929159,0.01206155461168175,1.0
cg17038235,5,172370524,ERGIC1,NM_001031711,Body,,,3.159359453110796,4.122041118506688e-06,0.4463518684432982,0.1675411324944222,0.012278826429914428,1.0
cg14109551,6,118903047,C6orf204;C6orf204,NM_206921;NM_001042475,Body;Body,,,2.7958312507491447,4.183652490538592e-06,0.4463392588896339,0.14871492979127976,0.01237757780513713,1.0
cg11964099,17,3905835,,,,N_Shore,,3.2810217994508646,4.255058051575295e-06,0.44632487555943234,0.1737974093729337,0.012503775588476408,1.0
cg22652378,17,78533842,RPTOR;RPTOR,NM_001163034;NM_020761,Body;Body,,,5.554564802669494,4.632753852336861e-06,0.44625260560104285,0.28625380509658815,0.013522293371893418,1.0
cg12402318,15,52135487,TMOD3,NM_014547,5'UTR,,,2.5861464451042977,4.6889993500936e-06,0.44624235140377677,0.13776976024730916,0.013535220718268286,1.0
cg18396357,2,50201413,NRXN1;NRXN1;NRXN1,NM_004801;NM_001135659;NM_138735,Body;Body;Body,,Unclassified_Cell_type_specific,2.441270319500668,4.699426840753702e-06,0.44624046390320493,0.13018628764476947,0.013535220718268286,1.0
cg12151545,11,47373000,MYBPC3,NM_000256,Body,N_Shelf,,2.884878252618571,4.790149381590887e-06,0.44622421694632697,0.15332624001034495,0.013642801792328582,1.0
cg00582671,1,872235,SAMD11,NM_152486,Body,S_Shore,,2.731691793252708,4.805932326558943e-06,0.4462214219907015,0.14536103548108303,0.013642801792328582,1.0
cg20519581,20,48959844,,,,N_Shore,,2.9641187850839374,4.830887166983826e-06,0.4462170215246051,0.15743371521437072,0.013642801792328582,1.0
cg18879389,21,43771120,TFF2;TFF2,NM_005423;NM_005423,5'UTR;1stExon,,,2.494980797852561,4.899250898098628e-06,0.4462050821405251,0.1329962175584026,0.013746602642517923,1.0
cg25332499,11,64756382,BATF2,NM_138456,3'UTR,,,4.095357967460106,5.01425640647014e-06,0.4461853687165438,0.21510201215279395,0.013963738286668846,1.0
cg06647928,5,73612203,,,,,,2.8156108055981295,5.0666566828544575e-06,0.4461765364186936,0.14972201983391994,0.013963738286668846,1.0
cg14247008,2,242786046,,,,Island,Promoter_Associated,2.5876058656375145,5.072959451869539e-06,0.4461754802318706,0.137837865730874,0.013963738286668846,1.0
cg14141741,7,947428,ADAP1,NM_006869,Body,Island,Unclassified_Cell_type_specific,2.5536047589775537,5.215006351466274e-06,0.4461520191774787,0.1360575980974792,0.014264452718889901,1.0
cg21927426,11,74854138,,,,,Unclassified_Cell_type_specific,2.719362465389339,5.276295816891496e-06,0.4461420934783741,0.14470858091371927,0.014309561466273275,1.0
cg17116500,12,56600222,RNF41;RNF41;RNF41,NM_005785;NM_194359;NM_194358,3'UTR;3'UTR;3'UTR,,Unclassified,2.55005940490555,5.297302868813628e-06,0.4461387179994385,0.13587058778301161,0.014309561466273275,1.0
cg01582066,22,32057065,,,,N_Shore,,4.277147584286235,5.401012696035176e-06,0.4461222477603448,0.22416792798090862,0.014499652034612755,1.0
cg05169499,12,52673946,,,,,Unclassified,3.164995395373098,5.604779878219835e-06,0.4460907906938747,0.16779315238674788,0.014954377958753571,1.0
cg03787282,3,106718760,,,,,,-2.5212831350106395,5.698938376554299e-06,0.4460766399625383,-0.13435779224931577,0.015112889582137056,1.0
cg11095027,11,1297066,TOLLIP,NM_019009,3'UTR,N_Shore,Gene_Associated_Cell_type_specific,2.598416992938378,5.860494906333032e-06,0.4460528974906709,0.13838772821080356,0.015447127992263554,1.0
cg15450349,8,42269042,,,,S_Shore,,2.7041643483680735,5.932368631891004e-06,0.446042544949271,0.14390395896051075,0.015542376969629233,1.0
cg04420917,19,39303993,LGALS4,NM_006149,TSS1500,,,2.531084265768269,6.001271083621174e-06,0.4460327377268517,0.13486535937407362,0.015628747331949206,1.0
cg00590152,17,74003831,EVPL,NM_001988,Body,Island,,2.601661818421669,6.1345134204493386e-06,0.44601408873735215,0.1385524668514716,0.015813710504366144,1.0
cg01906801,17,38191472,MED24;MED24,NM_014815;NM_001079518,Body;Body,,Gene_Associated_Cell_type_specific,2.602429072932737,6.145017050129862e-06,0.44601263592377505,0.13859236430966462,0.015813710504366144,1.0
cg00484711,2,42331922,,,,S_Shelf,,-3.5153708829437638,6.2963453944621356e-06,0.44599197672922763,-0.18574239819122432,0.01610782931067493,1.0
cg17879856,1,3806715,C1orf174,NM_207356,Body,N_Shore,,2.585264046509346,6.343178480031074e-06,0.44598568386488313,0.1376923432087468,0.01613274307832371,1.0
cg09981841,17,19177387,EPN2;EPN2;EPN2,NM_001102664;NM_148921;NM_014964,5'UTR;5'UTR;5'UTR,,,3.095343537057767,6.428124246996154e-06,0.44597438779835663,0.16418440297577766,0.016253736395422113,1.0
cg26457013,19,55740188,TMEM86B;TMEM86B,NM_173804;NM_173804,5'UTR;1stExon,,,2.503241777918274,6.503974143659123e-06,0.4459644270238653,0.13340028033649123,0.01631563512549134,1.0
cg01901579,14,95615731,DICER1,NM_177438,5'UTR,,,2.7599001202466438,6.565004331612115e-06,0.4459564965691817,0.14679552886568262,0.01631563512549134,1.0
cg27288091,16,85837390,COX4I1,NM_001861,Body,S_Shelf,,2.6368011939566425,6.565149748822705e-06,0.44595647776158587,0.1403800312311241,0.01631563512549134,1.0
cg05554494,16,3306685,MEFV,NM_000243,TSS200,S_Shore,,-3.9926209036785,6.6878550976663685e-06,0.44594075460408944,-0.20990237612711837,0.016385830612696772,1.0
cg15538427,11,62457014,LRRN4CL;LRRN4CL,NM_203422;NM_203422,5'UTR;1stExon,S_Shore,,2.6612952614744896,6.7146859077912195e-06,0.44593735510924015,0.14165561952702743,0.016385830612696772,1.0
cg24638828,7,72974572,,,,S_Shelf,Unclassified_Cell_type_specific,2.963383801411332,6.764359333579666e-06,0.4459310972107111,0.1573560341151582,0.016385830612696772,1.0
cg07970948,7,149543165,ZNF862,NM_001099220,Body,,,2.4277480287398108,6.798217173247049e-06,0.4459268581130583,0.12944126956747473,0.016385830612696772,1.0
cg05715138,17,4534892,ALOX15,NM_001140,3'UTR,,,2.4639889756639892,6.830783859144119e-06,0.44592280058978284,0.1313399794990542,0.016385830612696772,1.0
cg21041472,6,12050371,HIVEP1,NM_002114,Body,,,-3.9291510147326454,6.847999542188332e-06,0.44592066349363624,-0.20670569059059402,0.016385830612696772,1.0
cg14769121,7,98722470,SMURF1;SMURF1,NM_020429;NM_181349,Body;Body,,,2.5586899784921413,6.857131097866244e-06,0.44591953211806235,0.13629543967407706,0.016385830612696772,1.0
cg26109393,14,96741054,,,,,,3.1693299411553086,6.9547159186923e-06,0.4459075350474013,0.16798946460706707,0.016528205414025304,1.0
cg22322562,2,50201511,NRXN1;NRXN1;NRXN1,NM_004801;NM_001135659;NM_138735,Body;Body;Body,,,2.4668311903546996,7.007518685430052e-06,0.4459011136355323,0.13148633376512678,0.01656318443719029,1.0
cg14020176,17,72764985,SLC9A3R1,NM_004252,3'UTR,,Gene_Associated_Cell_type_specific,3.1361998400989077,7.12773889328104e-06,0.44588667258857595,0.16627917266405348,0.01675627387350849,1.0
cg20885063,17,17939419,ATPAF2,NM_145691,Body,N_Shelf,,2.492787611039561,7.191424944966732e-06,0.4458791211266201,0.13284297433739264,0.016815098064331138,1.0
cg17380091,19,1822445,REXO1,NM_020695,Body,Island,,2.7212835758423877,7.287634965377356e-06,0.4458678393704619,0.14477358028070247,0.016948934478729062,1.0
cg04222933,1,160783181,LY9,NM_002348,Body,,,2.701750748318129,7.343840420885174e-06,0.4458613174979148,0.14375514706492287,0.016988802924288986,1.0
cg22386583,17,78753756,RPTOR;RPTOR,NM_001163034;NM_020761,Body;Body,,,-3.8770203147987496,7.39362362447642e-06,0.4458555824867402,-0.20406665644236507,0.017013471234252862,1.0
cg19747992,1,11713643,FBXO44;FBXO2;FBXO44;FBXO44;FBXO44,NM_183413;NM_012168;NM_183412;NM_033182;NM_001014765,TSS1500;Body;TSS1500;TSS1500;TSS1500,N_Shore,,2.846390958624866,7.475797969492385e-06,0.4458462001692711,0.1512774183703262,0.017112022859557863,1.0
cg03078586,19,49469953,FTL,NM_000146,Body,S_Shore,,2.545153884171814,7.62761457760133e-06,0.44582913515967304,0.13557683791159575,0.017178045301794124,1.0
cg01588224,1,153950867,JTB,NM_006694,TSS1500,S_Shore,Promoter_Associated,2.8011962738785403,7.676249982857628e-06,0.4458237402134747,0.14892619645166316,0.017178045301794124,1.0
cg01403010,22,38609534,MAFF;MAFF;MAFF;MAFF,NM_001161573;NM_001161572;NM_012323;NM_001161574,5'UTR;5'UTR;5'UTR;5'UTR,N_Shore,Unclassified,4.663170598651854,7.70086096710791e-06,0.4458210232490405,0.24318715094320656,0.017178045301794124,1.0
cg21421984,7,98520513,TRRAP,NM_003496,Body,,Gene_Associated_Cell_type_specific,3.388885570812869,7.708225664374802e-06,0.4458202119046124,0.1792510492179993,0.017178045301794124,1.0
cg02711608,19,47287964,SLC1A5;SLC1A5;SLC1A5;SLC1A5,NM_001145145;NM_001145145;NM_005628;NM_001145144,1stExon;5'UTR;Body;5'UTR,N_Shelf,Promoter_Associated,2.74284926380878,7.735455925281337e-06,0.4458172187693592,0.14589003618203922,0.017178045301794124,1.0
cg09502149,1,43406792,SLC2A1,NM_006516,Body,,,2.526498783497223,7.798201668491047e-06,0.4458103618051219,0.13459893703979922,0.017178045301794124,1.0
cg09299075,10,76154015,ADK;ADK,NM_001123;NM_006721,Body;Body,,,-2.853487014206882,7.798862235922076e-06,0.4458102899117089,-0.15164109063982958,0.017178045301794124,1.0
cg19458497,11,63403371,ATL3,NM_015459,Body,,Gene_Associated,2.9098276864752934,7.820626361794303e-06,0.44580792460196794,0.1545639934352697,0.017178045301794124,1.0
cg02133716,8,128981622,PVT1,NR_003367,Body,,Unclassified_Cell_type_specific,2.5506591745496965,8.178862471946706e-06,0.44576991226011986,0.13585756434319865,0.017874636783665316,1.0
cg04984556,1,11359053,,,,,,2.477258351753532,8.272503475263926e-06,0.4457602511188574,0.13201596368713828,0.017988889707100417,1.0
cg17971251,1,177907297,SEC16B,NM_033127,Body,,,2.5432617250888714,8.498932784540046e-06,0.445737335670776,0.13546688206605884,0.018338961513627967,1.0
cg14220251,1,19653075,PQLC2;PQLC2;PQLC2,NM_001040125;NM_017765;NM_001040126,Body;Body;Body,,Unclassified,2.720378152353934,8.517824978507752e-06,0.4457354514577554,0.1447094971842601,0.018338961513627967,1.0
cg08776942,16,11729131,,,,,,2.4491912226331856,8.663270910857685e-06,0.44572108415506206,0.13054133415058836,0.018498032148025152,1.0
cg20575173,3,101228308,SENP7;SENP7,NM_001077203;NM_020654,Body;Body,N_Shelf,,2.485151543386181,8.676774302144662e-06,0.4457197625639805,0.13242448353284936,0.018498032148025152,1.0
cg25224369,3,12918528,,,,S_Shore,Unclassified_Cell_type_specific,2.420282692630396,8.72860425320671e-06,0.4457147089854726,0.12902558826255167,0.018517755212456702,1.0
cg06976521,22,29729206,SNORD125;AP1B1;AP1B1;AP1B1,NR_003686;NM_001166019;NM_001127;NM_145730,Body;Body;Body;Body,,,2.7153538642270094,8.820511699038453e-06,0.44570582124999647,0.1444440333620621,0.018621898553424346,1.0
cg03715305,19,5894715,NDUFA11,NM_175614,3'UTR,S_Shelf,,2.843743854470554,8.978932221334448e-06,0.4456907172099056,0.15111923305041822,0.018864779973507835,1.0
cg10578938,5,156695410,CYFIP2;CYFIP2;CYFIP2,NM_001037333;NM_014376;NM_001037332,5'UTR;TSS1500;5'UTR,S_Shore,,-2.63652275655861,9.03187613805081e-06,0.4456857289608299,-0.14033189069666124,0.018884784555035585,1.0
cg22460173,19,6536042,,,,S_Shore,Unclassified,2.552363221718034,9.142232890000809e-06,0.44567542496946977,0.13593527855280996,0.019019170073879398,1.0
cg21062760,19,36205574,ZBTB32,NM_014383,Body,N_Shore,,3.166133588424747,9.183610592388904e-06,0.44567159364825726,0.16779010285112864,0.019019170073879398,1.0
cg22049753,2,240895815,,,,,,2.386241129812149,9.396724453868017e-06,0.4456521307352016,0.12723334961960792,0.019368296866269345,1.0
cg17417856,19,50191637,PRMT1;C19orf76;PRMT1;PRMT1,NM_001536;NM_001101340;NM_198319;NM_198318,3'UTR;TSS1500;3'UTR;3'UTR,N_Shore,,2.537756367330218,9.517704109182362e-06,0.44564127807112774,0.1351675051089451,0.019525121031680578,1.0
cg03493123,5,177029444,B4GALT7,NM_007255,Body,N_Shore,,2.6306359520178555,9.580435252783505e-06,0.44563570500086047,0.14001851515440994,0.019561539600551965,1.0
cg07186472,16,650828,RAB40C,NM_021168,Body,S_Shore,Gene_Associated_Cell_type_specific,2.402069047822856,9.889059962407054e-06,0.44560880871472364,0.12805856975462104,0.020097342477245452,1.0
cg00574328,19,56851220,,,,Island,,-2.5267184145297574,1.0301984983067127e-05,0.44557411003159675,-0.13458226229250247,0.020839142721003526,1.0
cg20057782,10,28238789,ARMC4,NM_018076,Body,,,2.897983938572975,1.0719341157314328e-05,0.4455404279390375,0.15391355754999997,0.021582996407616944,1.0
cg08067346,16,25011481,ARHGAP17;ARHGAP17,NM_001006634;NM_018054,Body;Body,,,2.4452074157805566,1.0829163843107678e-05,0.4455317833175412,0.13031073545843813,0.02170364050082154,1.0
cg12425700,4,75186779,,,,,Unclassified_Cell_type_specific,2.5799171442251945,1.0921885255343928e-05,0.44552455296914917,0.13735687419831427,0.021789060883628978,1.0
cg14994947,1,101448135,,,,,Gene_Associated_Cell_type_specific,2.817390008649537,1.1233812434203871e-05,0.4455006730695499,0.149725225223412,0.022208069731183087,1.0
cg22062555,19,45664251,NKPD1,NM_198478,TSS1500,,,2.4781545567069103,1.1234043385866158e-05,0.44550065563625496,0.13203251267201102,0.022208069731183087,1.0
cg21386573,1,94219800,,,,,,2.593257463285778,1.191674211109249e-05,0.4454506319673227,0.1380445950492016,0.02345107003642992,1.0
cg24627621,6,42109176,C6orf132,NM_001164446,Body,N_Shore,,2.5235220373476586,1.215408051001368e-05,0.4454339121313934,0.13439840481926305,0.023810391200220857,1.0
cg03004126,16,11325588,,,,N_Shore,,3.0485524369331216,1.2368138759479553e-05,0.44541911074277074,0.16168903793617773,0.024121087406312705,1.0
cg02302858,22,46638155,PPARA;PPARA,NM_001001928;NM_005036,3'UTR;3'UTR,,,3.424013997380345,1.2541125183617008e-05,0.4454073357942556,0.180983325882965,0.0243003558769686,1.0
cg02072495,15,60689285,ANXA2;ANXA2;ANXA2;ANXA2,NM_001136015;NM_004039;NM_001002858;NM_001002857,5'UTR;5'UTR;Body;5'UTR,N_Shore,Unclassified_Cell_type_specific,2.759780012246226,1.2615355115575386e-05,0.4454023329181911,0.14671750203830689,0.0243003558769686,1.0
cg26344619,14,76046018,FLVCR2,NM_017791,Body,S_Shore,,2.532216665955849,1.262768316102464e-05,0.4454015049037858,0.1348491905351131,0.0243003558769686,1.0
cg04290133,7,65439512,GUSB,NM_000181,Body,,Gene_Associated_Cell_type_specific,2.3655003971625197,1.2723643849055605e-05,0.4453950872696194,0.12611636546893285,0.024377156383722797,1.0
cg08251362,7,112086746,IFRD1,NM_001007245,5'UTR,N_Shelf,,3.108039753383107,1.279144722028151e-05,0.4453905819270254,0.1647551529691011,0.024399573367009608,1.0
cg01433332,16,85407575,,,,Island,,2.425703128284655,1.303914114797051e-05,0.44537432447316794,0.1292707031960406,0.024763435800792835,1.0
cg11787791,1,153329460,S100A9,NM_002965,TSS1500,,,-2.546080169868298,1.325514632667941e-05,0.4453603977303433,-0.13556900418688175,0.02506421382018908,1.0
cg04764056,19,40228820,CLC,NM_001828,TSS200,,,2.6987887851329626,1.341456437688018e-05,0.44535026458028926,0.1435359898159565,0.025255850060693526,1.0
cg25424279,11,65683543,,,,N_Shore,,2.80999572592967,1.3519228730353236e-05,0.44534367721453194,0.14932037865538358,0.025272378575472924,1.0
cg25479097,13,113305704,C13orf35,NM_207440,5'UTR,S_Shelf,,2.4577132125206544,1.3539562868664618e-05,0.44534240335888564,0.13094381887526474,0.025272378575472924,1.0
cg23706836,8,6407997,ANGPT2;ANGPT2;ANGPT2;MCPH1,NM_001118888;NM_001147;NM_001118887;NM_024596,Body;Body;Body;Body,,Unclassified_Cell_type_specific,2.3549237138182324,1.3915205496637403e-05,0.4453192096826005,0.12555292770999835,0.025760163093139107,1.0
cg19269039,1,111743200,DENND2D;DENND2D,NM_024901;NM_024901,1stExon;5'UTR,N_Shelf,Unclassified,-2.5860774125233705,1.3964144826260812e-05,0.4453162343015342,-0.13765327622441326,0.025760163093139107,1.0
cg00384553,1,228266701,,,,N_Shelf,,2.481767763960914,1.3990677991612622e-05,0.4453146255241217,0.1321998695477067,0.025760163093139107,1.0
cg26396815,4,102878132,BANK1;BANK1;BANK1,NM_001127507;NM_001083907;NM_017935,Body;Body;Body,,Unclassified_Cell_type_specific,2.4207503639117,1.4037816395821573e-05,0.44531177492700924,0.12900400453063265,0.025760163093139107,1.0
cg11845111,2,191398756,TMEM194B,NM_001142645,Body,N_Shore,,-2.340737437511613,1.4156820612937912e-05,0.4453046208832607,-0.12480678644579993,0.025869388819880677,1.0
cg16263722,1,29523841,MECR;MECR,NM_001024732;NM_016011,Body;Body,,,2.448676133457412,1.4377205525364995e-05,0.44529153008616607,0.13046466467264192,0.026162182847805186,1.0
cg18770446,1,1109983,TTLL10,NM_001130045,5'UTR,Island,,2.3823138952417438,1.4469478322623871e-05,0.4452861087715623,0.1269860930436001,0.02622038282639876,1.0
cg21239317,7,23640510,CCDC126,NM_138771,5'UTR,S_Shelf,Unclassified_Cell_type_specific,2.4699499613380174,1.4913658773498081e-05,0.4452604877013323,0.13157496899480725,0.026868754244704085,1.0
cg08287334,19,1854633,KLF16,NM_031918,Body,Island,Promoter_Associated,2.3454173173545496,1.496438947316944e-05,0.44525761029447464,0.1250472007317765,0.026868754244704085,1.0
cg07438246,3,14446645,SLC6A6;SLC6A6;SLC6A6,NM_001134368;NM_001134367;NM_003043,5'UTR;5'UTR;5'UTR,S_Shelf,,-2.8870187565110412,1.5012617108590993e-05,0.4452548839154594,-0.15330636720373517,0.026868754244704085,1.0
cg12776287,18,24125939,KCTD1;KCTD1;KCTD1,NM_001136205;NM_001142730;NM_198991,5'UTR;Body;5'UTR,N_Shore,,2.7639373596550225,1.5120081248922235e-05,0.4452488402677185,0.14691385998490358,0.026915825622009965,1.0
cg18783781,1,9599067,SLC25A33,NM_032315,TSS1500,N_Shore,Promoter_Associated,2.3702296887444523,1.5162694816817446e-05,0.44524645565362997,0.12634782595077332,0.026915825622009965,1.0
cg00711496,19,50191497,C19orf76;PRMT1;PRMT1;PRMT1,NM_001101340;NM_198318;NM_198319;NM_001536,TSS1500;Body;Body;Body,Island,,2.3765137080922925,1.5264917128945255e-05,0.44524076268007406,0.12667679485035965,0.02694423904519362,1.0
cg10028434,14,104160076,KLC1;KLC1,NM_182923;NM_001130107,Body;Body,,,2.37621557824495,1.5393060651520894e-05,0.4452336798629354,0.1266603628254557,0.02694423904519362,1.0
cg13924998,7,41531155,,,,,,-2.7208209553661504,1.5407009582736094e-05,0.4452329124416404,-0.14466836285908427,0.02694423904519362,1.0
cg08788930,8,142201685,DENND3,NM_014957,Body,,,2.757187908059157,1.5426516693767905e-05,0.4452318403965344,0.1465606190291953,0.02694423904519362,1.0
cg10604550,5,43001210,,,,S_Shore,,2.7896997623138957,1.5824822193975774e-05,0.44521024318164637,0.14824822511290567,0.027529367082950465,1.0
cg08295410,5,156990663,ADAM19,NM_033274,Body,,Unclassified_Cell_type_specific,2.4410752687276203,1.5997399189671545e-05,0.44520105434589696,0.13005612804233993,0.027718712696341324,1.0
cg18368116,14,21436271,,,,N_Shelf,,2.4986654449857513,1.61728196075312e-05,0.4451918154392366,0.13306962374554177,0.02786500837769677,1.0
cg16362140,5,10708717,DAP,NM_004394,Body,,,2.3173690548506616,1.620997341864781e-05,0.44518987155190715,0.12356733550110686,0.02786500837769677,1.0
cg20536469,2,50201505,NRXN1;NRXN1;NRXN1,NM_004801;NM_001135659;NM_138735,Body;Body;Body,,,2.3052991223213355,1.6566748459323233e-05,0.44517142935193343,0.12293147877389853,0.028366186767509245,1.0
cg00217953,2,97527635,SEMA4C,NM_017789,Body,Island,,2.4942830273107433,1.686167875671423e-05,0.44515648227283755,0.13283619944066774,0.02875795680284342,1.0
cg21081878,21,38334730,HLCS,NM_000411,5'UTR,N_Shelf,,2.4141617534065283,1.7244833633773146e-05,0.44513745084649137,0.1286388334562367,0.029296547289050824,1.0
cg09533087,8,436965,,,,,Unclassified,2.560435201562788,1.7392320702156948e-05,0.4451302379363141,0.13629143955851628,0.029432137789625192,1.0
cg23509869,6,31553441,LST1;LST1;LST1;LST1;LST1,NM_205837;NM_205838;NM_205839;NR_029461;NR_029462,TSS1500;TSS1500;TSS1500;TSS1500;TSS1500,,Promoter_Associated,-2.426134909785431,1.7466841356100297e-05,0.4451266167713487,-0.12926494851037892,0.029443678451546,1.0
cg25137372,12,96390059,HAL;HAL,NM_002108;NM_002108,1stExon;5'UTR,S_Shore,,4.872822721970449,1.782433766672462e-05,0.4451094577561513,0.25328045750910155,0.029836893555704375,1.0
cg15482717,11,70053254,FADD,NM_003824,3'UTR,S_Shelf,,2.527207054747146,1.7867148347941e-05,0.4451074261235689,0.13455222590690077,0.029836893555704375,1.0
cg06975311,11,65407399,SIPA1;SIPA1,NM_153253;NM_006747,TSS200;5'UTR,N_Shore,Promoter_Associated,-2.5879882570300325,1.8208985609984116e-05,0.44509137682708033,-0.13772567528649904,0.029836893555704375,1.0
cg01279378,15,40531871,PAK6;PAK6;PAK6,NM_001128628;NM_001128629;NM_020168,5'UTR;5'UTR;TSS200,S_Shore,,2.385519976103695,1.8223256213964106e-05,0.4450907134091068,0.12713220076171902,0.029836893555704375,1.0
cg03237324,12,6420052,PLEKHG6;PLEKHG6,NM_018173;NM_001144856,5'UTR;TSS200,S_Shore,Unclassified_Cell_type_specific,2.517441595532812,1.825739440786966e-05,0.44508912848995075,0.13403948763166726,0.029836893555704375,1.0
cg09010791,11,72448539,ARAP1,NM_001040118,5'UTR,,,-3.429852763159329,1.8299507124366218e-05,0.44508717743110293,-0.18123122711242842,0.029836893555704375,1.0
cg19309676,19,50191439,C19orf76;PRMT1;PRMT1;PRMT1,NM_001101340;NM_198318;NM_198319;NM_001536,TSS1500;Body;Body;Body,Island,,2.3772894237694193,1.8304946580157322e-05,0.44508692575259723,0.12670019549816755,0.029836893555704375,1.0
cg02435538,7,75507337,RHBDD2;RHBDD2,NM_001040457;NM_001040456,TSS1500;TSS1500,N_Shore,,2.4951831180166524,1.831884694499359e-05,0.4450862829364085,0.13287503156366323,0.029836893555704375,1.0
cg02529547,17,48259089,,,,,,2.420070740544638,1.8437735868405374e-05,0.44508080487405133,0.12894199300867099,0.029836893555704375,1.0
cg10371155,17,37561101,MED1,NM_004774,3'UTR,S_Shelf,,3.323263555677296,1.8446424470366712e-05,0.4450804059183603,0.17577479992995385,0.029836893555704375,1.0
cg03188000,12,68634913,,,,,Unclassified,3.0058376856812457,1.8454763689066368e-05,0.44508002318257245,0.15943406005437621,0.029836893555704375,1.0
cg20408175,12,53693169,PFDN5;PFDN5;C12orf10,NM_002624;NM_145897;NM_021640,3'UTR;3'UTR;TSS1500,N_Shore,Promoter_Associated,2.965107002535974,1.8530024266913847e-05,0.44507657685854274,0.15732700068685715,0.029844239169962976,1.0
cg02707357,8,28483997,,,,S_Shelf,,2.807447710424947,1.8596551029321065e-05,0.44507354214260875,0.1491524862149366,0.029844239169962976,1.0
cg01243312,2,136422981,MIR128-1;R3HDM1,NR_029672;NM_015361,Body;Body,,Gene_Associated_Cell_type_specific,-2.813065390915576,1.937864386586676e-05,0.4450386605476432,-0.14943968835378518,0.030985026641236695,1.0
cg03794981,16,46607903,,,,,,2.3077830140150875,1.9787276389691023e-05,0.4450209930150032,0.12304550137309811,0.03152250842522983,1.0
cg03664589,7,1584275,TMEM184A,NM_001097620,3'UTR,Island,,2.4889855247367194,1.9877962532920104e-05,0.44501712177389885,0.13254268496790803,0.031551404851340205,1.0
cg20405742,6,16933816,,,,,,2.512853502109164,2.0186176809662166e-05,0.4450040957831559,0.13378950811679347,0.03192410830522383,1.0
cg18806193,5,1338909,CLPTM1L,NM_030782,Body,N_Shore,,2.8267938056709596,2.06481726881992e-05,0.4449849395223987,0.15014548209830142,0.032536432925649776,1.0
cg05791142,1,41332266,,,,S_Shelf,,2.6200916925452384,2.128734818833174e-05,0.4449591338259651,0.13938484710428817,0.033422519949064915,1.0
cg08625564,17,1553453,RILP,NM_031430,TSS200,S_Shore,,2.6654913782069287,2.1417198430861188e-05,0.44495398641287187,0.14175127162791443,0.033505435018593446,1.0
cg00853671,12,129331490,,,,Island,,-2.329918447153206,2.1593858109264796e-05,0.4449470334637541,-0.12419943968313639,0.033660722733276464,1.0
cg06447341,1,32452930,,,,,,2.574408917987286,2.1695899248781692e-05,0.4449430432937156,0.13699865608808415,0.03369900053746124,1.0
cg12395843,11,65812734,GAL3ST3,NM_033036,Body,S_Shore,Unclassified,2.330012931941927,2.1873635732434505e-05,0.4449361379117531,0.1242031983972835,0.03373957379211739,1.0
cg21772826,3,189040394,TPRG1,NM_198485,3'UTR,,,-3.205426004859982,2.1877178183379253e-05,0.44493600085398877,-0.1697034103491712,0.03373957379211739,1.0
cg14583999,3,10019040,TMEM111,NM_018447,Body,,,3.207268291434694,2.207530758826109e-05,0.4449283704405729,0.16979700095316716,0.03392483347206875,1.0
cg19016694,17,80821826,TBCD,NM_005993,Body,S_Shelf,Promoter_Associated,3.360458035793847,2.238658999450058e-05,0.44491651991875936,0.17765491982359827,0.034250352650148044,1.0
cg12819873,11,57157632,PRG2,NM_002728,5'UTR,,,2.3234791449572265,2.2517027867472566e-05,0.44491160321857837,0.12385756496498436,0.034250352650148044,1.0
cg04981758,1,45954027,TESK2,NM_007170,5'UTR,N_Shelf,,2.3297227863494636,2.257015154597753e-05,0.44490960896785736,0.12418504863204477,0.034250352650148044,1.0
cg05070268,16,1414687,UNKL,NM_023076,3'UTR,Island,,2.272312723443333,2.260213932738071e-05,0.44490841042394613,0.12117018664760437,0.034250352650148044,1.0
cg05962781,1,115599145,TSPAN2,NM_005725,Body,,,2.8173215108601104,2.268895157286413e-05,0.4449051662287322,0.14964313359001194,0.03426252274531664,1.0
cg08036668,15,49462157,GALK2;GALK2,NM_002044;NM_001001556,TSS1500;Body,,Promoter_Associated,2.8325954727437965,2.294649917623895e-05,0.44489561437788083,0.15043483926877324,0.03453154347314785,1.0
cg00381391,3,33837694,,,,N_Shelf,,2.4170797097486156,2.3159697658456762e-05,0.44488778835011766,0.1287632544161453,0.03473219927325556,1.0
cg15700636,11,57156050,PRG2,NM_002728,Body,,,2.327735713484649,2.3463091295947587e-05,0.4448767751810052,0.12407714679994566,0.03484968628227049,1.0
cg09148852,12,122235169,LOC338799,NR_002809,Body,Island,Gene_Associated_Cell_type_specific,2.310174632379662,2.3600233055171435e-05,0.44487184374807553,0.123154786577224,0.03484968628227049,1.0
cg18838605,4,185520416,,,,,,2.542135814149062,2.368179115553323e-05,0.44486892464279637,0.1353039974831077,0.03484968628227049,1.0
cg03203287,3,38033770,VILL,NM_015873,TSS1500,N_Shore,Unclassified_Cell_type_specific,2.256104776782082,2.3691362908223892e-05,0.44486858271472307,0.12031420663434465,0.03484968628227049,1.0
cg24847366,12,125034283,,,,,,2.4468804939676967,2.370632624347017e-05,0.4448680484627796,0.1303217291009591,0.03484968628227049,1.0
cg06398335,13,101161616,PCCA;PCCA,NM_001127692;NM_000282,Body;Body,,,2.353016625631274,2.371882591157685e-05,0.44486760243305223,0.1254026156987548,0.03484968628227049,1.0
cg22197936,5,76325203,AGGF1,NM_018046,TSS1500,N_Shore,,2.7327392453093187,2.4072001004834947e-05,0.4448550964821034,0.14524031540272664,0.03519929716438644,1.0
cg07237830,11,62474725,BSCL2;GNG3;BSCL2;BSCL2;BSCL2,NM_001122955;NM_012202;NM_001130702;NM_001122955;NM_032667,5'UTR;TSS1500;5'UTR;1stExon;TSS1500,S_Shore,,2.4089567354562718,2.4118642459985008e-05,0.44485345868148707,0.12833376163474516,0.03519929716438644,1.0
cg01092250,16,556146,RAB11FIP3;RAB11FIP3,NM_014700;NM_001142272,Body;Body,N_Shelf,,2.410237553944105,2.4650081257548212e-05,0.4448350185579053,0.12839877345036704,0.03574250993755324,1.0
cg00829404,1,61362869,,,,,,-2.6963567597178857,2.4655221291091388e-05,0.4448348421607726,-0.14334408463946574,0.03574250993755324,1.0
cg16182757,6,126658808,,,,N_Shelf,,4.244400553279963,2.4742901392420613e-05,0.44483183879945143,0.2222909589721948,0.03575045102583011,1.0
cg03661164,7,148560646,EZH2;EZH2,NM_004456;NM_152998,5'UTR;5'UTR,,,3.5593869080104454,2.5085262245839083e-05,0.4448202130678338,0.18779490218404277,0.03612510341991187,1.0
cg07201450,1,58716662,DAB1,NM_021080,TSS1500,S_Shore,,2.315089637212536,2.5222839878524394e-05,0.4448155860460925,0.12340665987877016,0.03620334932636728,1.0
cg06725287,17,80533762,FOXK2,NM_004514,Body,Island,,2.2654942223324643,2.5835244872661637e-05,0.4447952921923175,0.12079977924097972,0.03696037722723529,1.0
cg18906520,12,123461288,OGFOD2,NM_024623,Body,S_Shore,,2.396050547941023,2.6011130036219164e-05,0.44478955287953736,0.12765020988647838,0.037089995218990174,1.0
cg04212926,1,45190912,C1orf228,NM_001145636,Body,S_Shore,,-2.3385070976285434,2.6323006232129354e-05,0.44477947112189975,-0.12463164995969438,0.03741204573334285,1.0
cg26227957,1,19547285,KIAA0090,NM_015047,Body,,,-3.108379627303264,2.6991237933135457e-05,0.44475826731916124,-0.16468137714855957,0.03818783185996508,1.0
cg00353643,16,1458060,UNKL,NM_001037125,Body,N_Shore,Unclassified,2.544630394457536,2.719436243978599e-05,0.44475192622780024,0.13542032816073882,0.03818783185996508,1.0
cg20010135,16,30996822,HSD3B7;HSD3B7;HSD3B7,NM_025193;NM_001142778;NM_001142777,5'UTR;5'UTR;5'UTR,,Gene_Associated,2.6523369452435697,2.7213102308418117e-05,0.4447513436074516,0.14104043958672635,0.03818783185996508,1.0
cg14818413,3,56717657,C3orf63,NM_001112736,TSS1500,Island,NonGene_Associated,2.2999239971100196,2.7220073846857666e-05,0.44475112696585783,0.12260343252239378,0.03818783185996508,1.0
cg09597192,6,32141591,AGPAT1;AGPAT1,NM_006411;NM_032741,5'UTR;5'UTR,,,2.42236757549926,2.7532205838623087e-05,0.44474148403255953,0.1290235468751377,0.03839407368371898,1.0
cg04657183,2,175636905,,,,,Unclassified,2.6463858744019406,2.7598297970354376e-05,0.4447394562737277,0.14072878364180355,0.03839407368371898,1.0
cg26572165,1,160807694,CD244;CD244;CD244,NM_001166664;NM_016382;NM_001166663,Body;Body;Body,,Promoter_Associated,-2.368925814321097,2.7631924597855273e-05,0.44473842645159256,-0.12622256881093777,0.03839407368371898,1.0
cg13312337,2,74612759,LOC100189589,NR_024463,TSS200,,,2.3210533984936705,2.7779145061939094e-05,0.44473393255023574,0.12371074266834418,0.03844403158592048,1.0
cg02896705,19,18112042,ARRDC2;ARRDC2,NM_001025604;NM_001025604,5'UTR;1stExon,Island,Promoter_Associated,3.537702565930336,2.784467048103266e-05,0.4447319400679264,0.18667649629554578,0.03844403158592048,1.0
cg06682445,7,43915791,URGCP;URGCP;URGCP,NM_017920;NM_001077663;NM_001077664,3'UTR;3'UTR;3'UTR,,,2.559654252349117,2.8277949945638292e-05,0.4447188822394016,0.1362011011646602,0.03891869194606854,1.0
cg26136776,19,12998426,KLF1,NM_006563,TSS1500,S_Shore,,2.307872094402928,2.8715702810736815e-05,0.4447058918995639,0.12301579017978109,0.03939649488331838,1.0
cg17430228,11,353919,,,,N_Shelf,,2.293447161176717,2.892641874044309e-05,0.44469970957152927,0.12225776029905028,0.039400390486349766,1.0
cg07814567,4,100736658,DAPP1,NM_014395,TSS1500,,,-4.213909339013794,2.8947470842485666e-05,0.44469909439528743,-0.2207470483744505,0.039400390486349766,1.0
cg22312249,17,72779428,TMEM104,NM_017728,Body,,,2.3993070374383856,2.8990326587765517e-05,0.4446978434674602,0.12781048462581981,0.039400390486349766,1.0
cg12087627,17,3911415,ZZEF1,NM_015113,Body,S_Shelf,,2.3672048713846205,2.940361507211233e-05,0.44468587423637895,0.1261264583507251,0.03983759322050539,1.0
cg11002698,6,111135096,CDK19,NM_015076,Body,N_Shore,,3.206678588136433,2.957246263617429e-05,0.44468103274919624,0.16972995948684766,0.03986038232288795,1.0
cg23801885,6,34458902,PACSIN1,NM_020804,5'UTR,,,2.719281425491725,2.9603740308968354e-05,0.4446801389478512,0.14451773970635318,0.03986038232288795,1.0
cg16294363,1,41248881,KCNQ4;KCNQ4,NM_172163;NM_004700,TSS1500;TSS1500,N_Shore,Unclassified_Cell_type_specific,2.3442265785458556,2.9722666309178267e-05,0.444676749107898,0.1249203450525333,0.03989699184935834,1.0
cg12444450,1,45763846,,,,,,2.682642095016856,3.062640485506817e-05,0.44465142529557555,0.14260677691680487,0.040983595331409196,1.0
cg26235490,17,1047567,ABR;ABR,NM_021962;NM_001159746,Body;5'UTR,,,2.275286948015964,3.084043221484725e-05,0.44464553785107874,0.12129815764496224,0.04114340703587358,1.0
cg08246316,16,30751261,SRCAP,NM_006662,3'UTR,,,2.3513328460395324,3.1141427611776966e-05,0.4446373271032843,0.12528871442954323,0.04130927317400397,1.0
cg04643527,16,3312946,,,,N_Shore,,-2.385161797646924,3.1154730658146786e-05,0.44463696605421954,-0.12706232116241192,0.04130927317400397,1.0
cg05219423,10,11291279,CUGBP2;CUGBP2;CUGBP2;CUGBP2,NM_001025076;NM_006561;NM_001025077;NM_001083591,Body;Body;Body;Body,,,2.2745241741822744,3.1650886290805405e-05,0.44462360955792923,0.12125573262191851,0.04183958557739087,1.0
cg15809077,2,112462079,,,,,,2.343770166115201,3.191217155379268e-05,0.444616659980525,0.12488975163286334,0.042057147594293534,1.0
cg21498475,12,113737469,SLC24A6,NM_024959,3'UTR,,,2.252874992208813,3.208711919552853e-05,0.4446120386248137,0.12011710448108888,0.04215995418455867,1.0
cg26272088,15,99443339,IGF1R,NM_000875,Body,,,2.3356874484128243,3.2252208582103916e-05,0.44460770081126555,0.12446475248280355,0.042249227500077265,1.0
cg21573651,14,38681111,SSTR1,NM_001049,3'UTR,S_Shore,,2.366864106360318,3.238908106142461e-05,0.44460412127387694,0.12609945670984735,0.042301112511297465,1.0
cg03919650,16,3306855,MEFV,NM_000243,TSS1500,S_Shelf,,-2.4765795645388557,3.256847787794004e-05,0.44459945254341493,-0.13184482745065534,0.04235383788891443,1.0
cg08380391,17,79109729,AATK,NM_001080395,Body,Island,,2.4799557042724656,3.2649016102503444e-05,0.44459736495585234,0.1320211874544439,0.04235383788891443,1.0
cg14343283,17,40954091,CNTD1,NM_173478,Body,S_Shelf,,2.8779425176153577,3.277627740919227e-05,0.4445940767961586,0.15274685214325393,0.04235383788891443,1.0
cg10072464,13,114064536,,,,N_Shelf,,-2.2658158862822066,3.293351618535707e-05,0.44459003173239287,-0.12079467943601822,0.04235383788891443,1.0
cg26651978,17,76965407,,,,,,2.6217539363488997,3.296576527672445e-05,0.44458920450025596,0.13942600452530277,0.04235383788891443,1.0
cg26438325,7,28176718,JAZF1,NM_175061,Body,,Unclassified_Cell_type_specific,2.376667109460704,3.301376623180533e-05,0.44458797471462286,0.12661156497566672,0.04235383788891443,1.0
cg09644952,3,121796071,CD86;CD86,NM_006889;NM_175862,TSS1500;Body,,,3.2977772735976205,3.33784337338832e-05,0.4445786901087002,0.1743915408385779,0.042695728995104924,1.0
cg16347361,17,76850052,TIMP2,NM_003255,3'UTR,N_Shore,,2.7218434431702314,3.448774980955511e-05,0.44455105979083354,0.14463459503488305,0.0439374551021378,1.0
cg16599817,1,2036283,PRKCZ;PRKCZ;PRKCZ;PRKCZ,NM_001033582;NM_001033582;NM_002744;NM_001033581,1stExon;5'UTR;Body;5'UTR,N_Shelf,Unclassified_Cell_type_specific,2.4037504352647563,3.45512376064159e-05,0.4445495055637967,0.12802648774288275,0.0439374551021378,1.0
cg01482313,21,30449466,,,,S_Shelf,,2.408223189190827,3.486119012551083e-05,0.44454195862346657,0.12825993931087878,0.04420236290118269,1.0
cg20968821,14,105522684,GPR132,NM_013345,5'UTR,,Gene_Associated_Cell_type_specific,2.3267011449671933,3.5000501834771916e-05,0.4445385884744796,0.12398566862634489,0.044249994918479606,1.0
cg10717722,10,124134020,PLEKHA1,NM_001001974,TSS200,N_Shore,,2.3434398037052535,3.533161075246378e-05,0.4445306321967143,0.12486290315811616,0.04432566186273875,1.0
cg10668363,19,52076691,ZNF175,NM_007147,Body,S_Shelf,,2.4687228715279947,3.536474536446918e-05,0.4445298401217418,0.13142570634723713,0.04432566186273875,1.0
cg06943835,11,64662577,ATG2A,NM_015104,Body,Island,,2.5264570258087335,3.544505958876449e-05,0.444527923315825,0.13444410036591292,0.04432566186273875,1.0
cg23575099,14,55603874,LGALS3;LGALS3,NR_003225;NM_002306,TSS200;5'UTR,,,2.41120662891721,3.5468030774860626e-05,0.44452737587949165,0.12841455823104284,0.04432566186273875,1.0
cg20978858,22,41653226,RANGAP1,NM_002883,Body,,,2.8765900298033005,3.5781100426689624e-05,0.44451995024834223,0.15266679255681542,0.04432938713043101,1.0
cg25880347,8,144355125,GLI4,NM_138465,Body,N_Shelf,,2.3861090570565953,3.5980524725964175e-05,0.4445152540674252,0.1270982668710264,0.04432938713043101,1.0
cg01614759,10,45495435,C10orf25;ZNF22,NM_001039380;NM_006963,3'UTR;TSS1500,N_Shore,,2.368978905608664,3.599195931482103e-05,0.4445149855902757,0.12620036769784054,0.04432938713043101,1.0
cg01542143,4,3240754,HTT,NM_002111,Body,,,2.2703006312184257,3.602716396725993e-05,0.4445141595437545,0.12102212551932859,0.04432938713043101,1.0
cg26932614,6,35765146,CLPS,NM_001832,TSS200,,,2.852502753007628,3.6052982763239474e-05,0.44451355424295513,0.1514170078471267,0.04432938713043101,1.0
cg06040872,17,34394215,CCL18,NM_002988,Body,,,4.154022952611961,3.6082580785298446e-05,0.4445128608762591,0.21772488741713603,0.04432938713043101,1.0
cg21507987,11,10527506,AMPD3;AMPD3;AMPD3,NM_000480;NM_001025390;NM_001025389,3'UTR;3'UTR;3'UTR,,,-2.5694570248496778,3.629136187864041e-05,0.44450798610062847,-0.13668751355440498,0.04446029186455139,1.0
cg07914457,1,27241853,NR0B2,NM_021969,TSS1500,,,2.9001686047181927,3.6759760716865265e-05,0.444497151206921,0.15388555796312872,0.04484889363500699,1.0
cg13733708,20,44597685,ZNF335,NM_022095,Body,N_Shelf,,4.46932853207786,3.681480917273883e-05,0.44449588694827125,0.23337764627631752,0.04484889363500699,1.0
cg27081745,5,67627382,,,,,,2.3936906445363615,3.702852663609112e-05,0.4444909965686026,0.12749281430916717,0.044983247101254516,1.0
cg01701585,16,2263913,PGP,NM_001042371,Body,Island,Promoter_Associated,2.2903484557258507,3.725838434103154e-05,0.444485768379407,0.12207187772391183,0.04513640506125166,1.0
cg02244263,5,122106549,,,,N_Shelf,,2.3220923648737397,3.758916550198364e-05,0.44447830118972087,0.12373722751744091,0.0454106355281575,1.0
cg24646951,15,35147320,,,,,,2.463903505905514,3.780259689516002e-05,0.44447351802681734,0.13116702463894714,0.04554197177418353,1.0
cg09804616,6,30644832,KIAA1949;KIAA1949,NM_001134870;NM_133471,3'UTR;3'UTR,S_Shelf,Gene_Associated_Cell_type_specific,2.3913527070132763,3.808133849690163e-05,0.4444673118648139,0.12736764100813242,0.04575104630665882,1.0
cg16576811,18,55888640,NEDD4L;NEDD4L;NEDD4L;NEDD4L;NEDD4L;NEDD4L;NEDD4L;NEDD4L;NEDD4L,NM_001144964;NM_015277;NM_001144966;NM_001144971;NM_001144965;NM_001144968;NM_001144967;NM_001144969;NM_001144970,5'UTR;Body;TSS200;5'UTR;5'UTR;Body;Body;Body;5'UTR,,,2.665082270132544,3.819579837099509e-05,0.44446477661866834,0.1416687871198445,0.04576214401634362,1.0
cg13442606,11,3071269,CARS;CARS;CARS;CARS,NM_001014437;NM_001751;NM_001014438;NM_139273,Body;Body;5'UTR;Body,,Promoter_Associated_Cell_type_specific,3.1735622714438305,3.881479781898758e-05,0.4444511967758824,0.1679930675440574,0.04620515968193897,1.0
cg00043800,2,74612144,LOC100189589,NR_024463,TSS1500,,,2.374841021568387,3.8864205580775594e-05,0.4444501222342253,0.12650039557162346,0.04620515968193897,1.0
cg24491618,7,150649807,KCNH2;KCNH2;KCNH2,NM_172056;NM_172057;NM_000238,Body;Body;Body,Island,,2.4717783100829394,3.888428919125347e-05,0.44444968583895883,0.1315762234074193,0.04620515968193897,1.0
cg23642826,1,6645463,ZBTB48,NM_005341,Body,,Unclassified_Cell_type_specific,2.5912489396544993,3.9142914083887906e-05,0.44444408632496213,0.13781707282539296,0.04638573972314856,1.0
cg12555233,15,91455366,MAN2A2,NM_006122,Body,,Gene_Associated_Cell_type_specific,2.3147217523633143,3.973576861007036e-05,0.4444313892514903,0.12334532663819289,0.04696033601812087,1.0
cg18524934,2,97164073,NEURL3,NR_026875,Body,N_Shelf,,2.362536193605466,3.992918963327362e-05,0.44442728788994146,0.1258528187244476,0.047061040664031877,1.0
cg19597449,19,8117924,CCL25,NM_005624,TSS200,S_Shelf,,2.553745154404261,4.006773842793018e-05,0.4444243622964402,0.1358571275089239,0.047096702660038535,1.0
cg13423371,9,138701748,CAMSAP1,NM_015447,3'UTR,,,2.2929476886670983,4.017704139730582e-05,0.4444220614135287,0.12220144254824786,0.047097888733206146,1.0
cg19942083,12,7070562,,,,,Promoter_Associated,2.6858041567794704,4.0526842309646156e-05,0.44441473993094194,0.142741650264558,0.04738023638495589,1.0
cg05718253,19,11347359,LOC55908;DOCK6,NM_018687;NM_020812,TSS1500;Body,,,2.3777092391269066,4.142031531171404e-05,0.444396323320961,0.1266446938153419,0.04826587735903597,1.0
cg26099045,2,64291800,,,,,Unclassified_Cell_type_specific,2.4619412624328385,4.1546877402037355e-05,0.4443937468682676,0.13105511132528277,0.04826587735903597,1.0
cg13910681,9,130740599,FAM102A,NM_001035254,Body,N_Shore,,2.8248253392335427,4.161731678800686e-05,0.44439231632835285,0.14996504092593987,0.04826587735903597,1.0
cg19458529,5,66347164,MAST4;MAST4,NM_015183;NM_001164664,Body;Body,,,2.7243653479491616,4.1990979065811574e-05,0.44438476810506655,0.14474458663391587,0.04845860405338937,1.0
cg12614529,4,154269418,MND1,NM_032117,Body,S_Shelf,Unclassified_Cell_type_specific,2.4796433799355104,4.200634094596511e-05,0.4443844592297127,0.13197999732223759,0.04845860405338937,1.0
cg13948456,9,139239853,GPSM1,NM_001145638,Body,Island,Unclassified_Cell_type_specific,2.2401286304654953,4.242330239233054e-05,0.4443761185711148,0.11942222715384297,0.04877029901232853,1.0
cg04001726,12,112547043,NAA25,NM_024953,TSS1500,S_Shore,Promoter_Associated,2.2522378144014885,4.2500812414746367e-05,0.44437457717887385,0.1200583285925964,0.04877029901232853,1.0
cg21500092,17,4245206,UBE2G1,NM_003342,Body,,,2.7800181320730584,4.274399132780339e-05,0.44436975948536905,0.147635631312468,0.04892027310629557,1.0
cg13345299,22,26876075,HPS4;HPS4,NM_152841;NM_022081,TSS1500;Body,N_Shelf,Promoter_Associated,4.779340448250459,4.3039993718274326e-05,0.44436393228052096,0.24856817039216347,0.04912975744889042,1.0
cg13296238,3,127323965,MCM2,NM_004526,Body,Island,,2.6361654130625016,4.324291038975719e-05,0.44435996078826845,0.14014904193167504,0.049141241273547784,1.0
cg06753869,6,24667316,ACOT13;TTRAP;ACOT13;ACOT13;ACOT13,NM_018473;NM_016614;NM_001160094;NM_001160094;NM_018473,5'UTR;TSS1500;1stExon;5'UTR;1stExon,Island,Promoter_Associated,2.294351246945604,4.33133999766349e-05,0.44435858554029173,0.12226824633693636,0.049141241273547784,1.0
cg03164561,2,232396386,NMUR1,NM_006056,TSS1500,S_Shore,,3.0759635333911244,4.3494092133447295e-05,0.44435507048146294,0.16295226482646916,0.049141241273547784,1.0
cg26336935,17,39769213,KRT16,NM_005557,TSS200,,,2.367094296798031,4.355300000735753e-05,0.44435392769670223,0.12608358135518674,0.049141241273547784,1.0
cg25232795,5,150860100,SLC36A1,NM_078483,Body,,Gene_Associated_Cell_type_specific,-4.0720415528420055,4.361501543220507e-05,0.44435272630224965,-0.21359658951900604,0.049141241273547784,1.0
